<?xml version="1.0" encoding="UTF-8" standalone="yes"?><dispatchDataResponse xmlns:swe="http://www.opengis.net/swe/2.0" xmlns:xlink="http://www.w3.org/1999/xlink" xmlns:brocom="http://www.broservices.nl/xsd/brocommon/3.0" xmlns:gml="http://www.opengis.net/gml/3.2" xmlns:bhrgtcom="http://www.broservices.nl/xsd/bhrgtcommon/2.1" xmlns="http://www.broservices.nl/xsd/dsbhr-gt/2.1"><brocom:responseType>dispatch</brocom:responseType><brocom:requestReference>uitgifteloket</brocom:requestReference><brocom:dispatchTime>2025-09-30T11:54:00+02:00</brocom:dispatchTime><dispatchDocument><BHR_GT_O gml:id="BRO_0003"><brocom:broId>BHR000000336929</brocom:broId><brocom:deliveryAccountableParty>65890604</brocom:deliveryAccountableParty><brocom:qualityRegime>IMBRO</brocom:qualityRegime><deliveryContext codeSpace="urn:bro:bhrgt:DeliveryContext">publiekeTaak</deliveryContext><surveyPurpose codeSpace="urn:bro:bhrgt:SurveyPurpose">bouwwerk</surveyPurpose><discipline codeSpace="urn:bro:bhrgt:Discipline">geotechniek</discipline><surveyProcedure codeSpace="urn:bro:bhrgt:SurveyProcedure">EN1997d2v2007</surveyProcedure><researchReportDate><brocom:date>2020-11-27</brocom:date></researchReportDate><siteCharacteristicDetermined>ja</siteCharacteristicDetermined><registrationHistory><brocom:objectRegistrationTime>2020-12-21T16:22:54+01:00</brocom:objectRegistrationTime><brocom:registrationStatus codeSpace="urn:bro:RegistrationStatus">voltooid</brocom:registrationStatus><brocom:registrationCompletionTime>2020-12-21T16:22:54+01:00</brocom:registrationCompletionTime><brocom:corrected>nee</brocom:corrected><brocom:underReview>nee</brocom:underReview><brocom:deregistered>nee</brocom:deregistered><brocom:reregistered>nee</brocom:reregistered></registrationHistory><reportHistory><reportStartDate><brocom:date>2020-11-27</brocom:date></reportStartDate><reportEndDate><brocom:date>2020-11-27</brocom:date></reportEndDate><intermediateEvent><eventName codeSpace="urn:bro:bhrgt:EventName">volledigGerapporteerd</eventName><eventDate><brocom:date>2020-11-27</brocom:date></eventDate></intermediateEvent></reportHistory><deliveredLocation><bhrgtcom:location><gml:Point srsName="urn:ogc:def:crs:EPSG::28992" gml:id="BRO_0001"><gml:pos>180532.300 582149.000</gml:pos></gml:Point></bhrgtcom:location><bhrgtcom:horizontalPositioningDate><brocom:date>2020-11-23</brocom:date></bhrgtcom:horizontalPositioningDate><bhrgtcom:horizontalPositioningMethod codeSpace="urn:bro:bhrgt:HorizontalPositioningMethod">RTKGPS5tot10cm</bhrgtcom:horizontalPositioningMethod></deliveredLocation><deliveredVerticalPosition><bhrgtcom:localVerticalReferencePoint codeSpace="urn:bro:bhrgt:LocalVerticalReferencePoint">maaiveld</bhrgtcom:localVerticalReferencePoint><bhrgtcom:offset uom="m">0.550</bhrgtcom:offset><bhrgtcom:verticalDatum codeSpace="urn:bro:bhrgt:VerticalDatum">NAP</bhrgtcom:verticalDatum><bhrgtcom:verticalPositioningDate><brocom:date>2020-11-23</brocom:date></bhrgtcom:verticalPositioningDate><bhrgtcom:verticalPositioningMethod codeSpace="urn:bro:bhrgt:VerticalPositioningMethod">RTKGPS4tot10cm</bhrgtcom:verticalPositioningMethod></deliveredVerticalPosition><standardizedLocation><brocom:location srsName="urn:ogc:def:crs:EPSG::4258" gml:id="BRO_0002"><gml:pos>53.225338090 5.769504160</gml:pos></brocom:location><brocom:coordinateTransformation codeSpace="urn:bro:CoordinateTransformation">RDNAPTRANS2008MV0</brocom:coordinateTransformation></standardizedLocation><boring><bhrgtcom:boringStartDate><brocom:date>2020-11-23</brocom:date></bhrgtcom:boringStartDate><bhrgtcom:boringEndDate><brocom:date>2020-11-23</brocom:date></bhrgtcom:boringEndDate><bhrgtcom:preparation codeSpace="urn:bro:bhrgt:Preparation">geen</bhrgtcom:preparation><bhrgtcom:trajectoryExcavated>nee</bhrgtcom:trajectoryExcavated><bhrgtcom:rockReached>nee</bhrgtcom:rockReached><bhrgtcom:boringProcedure codeSpace="urn:bro:bhrgt:BoringProcedure">SIKB2001vanafV6.0</bhrgtcom:boringProcedure><bhrgtcom:finalDepthBoring uom="m">3.00</bhrgtcom:finalDepthBoring><bhrgtcom:stopCriterion codeSpace="urn:bro:bhrgt:StopCriterion">einddoel</bhrgtcom:stopCriterion><bhrgtcom:temporaryCasingUsed>nee</bhrgtcom:temporaryCasingUsed><bhrgtcom:groundwaterLevel uom="m">1.00</bhrgtcom:groundwaterLevel><bhrgtcom:samplingProcedure codeSpace="urn:bro:bhrgt:SamplingProcedure">ISO22475d1v2006</bhrgtcom:samplingProcedure><bhrgtcom:finalDepthSampling uom="m">3.00</bhrgtcom:finalDepthSampling><bhrgtcom:subsurfaceContaminated>nee</bhrgtcom:subsurfaceContaminated><bhrgtcom:boreholeCompleted>ja</bhrgtcom:boreholeCompleted><bhrgtcom:boredInterval><bhrgtcom:beginDepth uom="m">0.00</bhrgtcom:beginDepth><bhrgtcom:endDepth uom="m">3.00</bhrgtcom:endDepth><bhrgtcom:boringTechnique codeSpace="urn:bro:bhrgt:BoringTechnique">handDraaien</bhrgtcom:boringTechnique><bhrgtcom:boredDiameter uom="mm">100</bhrgtcom:boredDiameter></bhrgtcom:boredInterval><bhrgtcom:sampledInterval><bhrgtcom:beginDepth uom="m">0.00</bhrgtcom:beginDepth><bhrgtcom:endDepth uom="m">3.00</bhrgtcom:endDepth><bhrgtcom:preTreatment codeSpace="urn:bro:bhrgt:PreTreatment">geen</bhrgtcom:preTreatment><bhrgtcom:samplingMethod codeSpace="urn:bro:bhrgt:SamplingMethod">opDiepteLosroeren</bhrgtcom:samplingMethod><bhrgtcom:samplingQuality codeSpace="urn:bro:bhrgt:SamplingQuality">klasseD</bhrgtcom:samplingQuality></bhrgtcom:sampledInterval><bhrgtcom:completedInterval><bhrgtcom:beginDepth uom="m">0.00</bhrgtcom:beginDepth><bhrgtcom:endDepth uom="m">3.00</bhrgtcom:endDepth><bhrgtcom:permanentCasingPresent>nee</bhrgtcom:permanentCasingPresent><bhrgtcom:backfillMaterial codeSpace="urn:bro:bhrgt:BackfillMaterial">kleiZwelklasse2</bhrgtcom:backfillMaterial><bhrgtcom:backfillMaterialCertified>ja</bhrgtcom:backfillMaterialCertified></bhrgtcom:completedInterval></boring><siteCharacteristic><bhrgtcom:soilUse codeSpace="urn:bro:bhrgt:SoilUse">grasland</bhrgtcom:soilUse></siteCharacteristic><boreholeSampleDescription><bhrgtcom:descriptionReportDate><brocom:date>2020-11-23</brocom:date></bhrgtcom:descriptionReportDate><bhrgtcom:descriptionProcedure codeSpace="urn:bro:bhrgt:DescriptionProcedure">ISO14688d1v2019c2020</bhrgtcom:descriptionProcedure><bhrgtcom:descriptiveBoreholeLog><bhrgtcom:descriptionQuality codeSpace="urn:bro:bhrgt:DescriptionQuality">klasse2geroerd</bhrgtcom:descriptionQuality><bhrgtcom:continuouslySampled>nee</bhrgtcom:continuouslySampled><bhrgtcom:descriptionLocation codeSpace="urn:bro:bhrgt:DescriptionLocation">veld</bhrgtcom:descriptionLocation><bhrgtcom:describedMaterial codeSpace="urn:bro:bhrgt:DescribedMaterial">grond</bhrgtcom:describedMaterial><bhrgtcom:sampleMoistness codeSpace="urn:bro:bhrgt:SampleMoistness">veldvochtig</bhrgtcom:sampleMoistness><bhrgtcom:boreholeLogChecked>nee</bhrgtcom:boreholeLogChecked><bhrgtcom:meanHighestGroundwaterLevel uom="m">0.80</bhrgtcom:meanHighestGroundwaterLevel><bhrgtcom:meanLowestGroundwaterLevel uom="m">1.30</bhrgtcom:meanLowestGroundwaterLevel><bhrgtcom:layer><bhrgtcom:upperBoundary uom="m">0.00</bhrgtcom:upperBoundary><bhrgtcom:upperBoundaryDetermination codeSpace="urn:bro:bhrgt:BoundaryPositioningMethod">afgeleid</bhrgtcom:upperBoundaryDetermination><bhrgtcom:lowerBoundary uom="m">0.20</bhrgtcom:lowerBoundary><bhrgtcom:lowerBoundaryDetermination codeSpace="urn:bro:bhrgt:BoundaryPositioningMethod">afgeleid</bhrgtcom:lowerBoundaryDetermination><bhrgtcom:anthropogenic>ja</bhrgtcom:anthropogenic><bhrgtcom:soil><bhrgtcom:geotechnicalSoilName codeSpace="urn:bro:bhrgt:GeotechnicalSoilName">zwakZandigeKlei</bhrgtcom:geotechnicalSoilName><bhrgtcom:tertiaryConstituent codeSpace="urn:bro:bhrgt:TertiaryConstituent">plantenrestenNietHoutig</bhrgtcom:tertiaryConstituent><bhrgtcom:colour codeSpace="urn:bro:bhrgt:Colour">standaardGrijs</bhrgtcom:colour><bhrgtcom:dispersedInhomogeneity codeSpace="urn:bro:bhrgt:DispersedInhomogeneity">geen</bhrgtcom:dispersedInhomogeneity><bhrgtcom:organicMatterContentClass codeSpace="urn:bro:bhrgt:OrganicMatterContentClass">zwakOrganisch</bhrgtcom:organicMatterContentClass></bhrgtcom:soil></bhrgtcom:layer><bhrgtcom:layer><bhrgtcom:upperBoundary uom="m">0.20</bhrgtcom:upperBoundary><bhrgtcom:upperBoundaryDetermination codeSpace="urn:bro:bhrgt:BoundaryPositioningMethod">afgeleid</bhrgtcom:upperBoundaryDetermination><bhrgtcom:lowerBoundary uom="m">0.80</bhrgtcom:lowerBoundary><bhrgtcom:lowerBoundaryDetermination codeSpace="urn:bro:bhrgt:BoundaryPositioningMethod">afgeleid</bhrgtcom:lowerBoundaryDetermination><bhrgtcom:anthropogenic>nee</bhrgtcom:anthropogenic><bhrgtcom:soil><bhrgtcom:geotechnicalSoilName codeSpace="urn:bro:bhrgt:GeotechnicalSoilName">klei</bhrgtcom:geotechnicalSoilName><bhrgtcom:tertiaryConstituent codeSpace="urn:bro:bhrgt:TertiaryConstituent">geen</bhrgtcom:tertiaryConstituent><bhrgtcom:colour codeSpace="urn:bro:bhrgt:Colour">donkergrijs</bhrgtcom:colour><bhrgtcom:dispersedInhomogeneity codeSpace="urn:bro:bhrgt:DispersedInhomogeneity">geen</bhrgtcom:dispersedInhomogeneity><bhrgtcom:organicMatterContentClass codeSpace="urn:bro:bhrgt:OrganicMatterContentClass">nietOrganisch</bhrgtcom:organicMatterContentClass></bhrgtcom:soil></bhrgtcom:layer><bhrgtcom:layer><bhrgtcom:upperBoundary uom="m">0.80</bhrgtcom:upperBoundary><bhrgtcom:upperBoundaryDetermination codeSpace="urn:bro:bhrgt:BoundaryPositioningMethod">afgeleid</bhrgtcom:upperBoundaryDetermination><bhrgtcom:lowerBoundary uom="m">1.20</bhrgtcom:lowerBoundary><bhrgtcom:lowerBoundaryDetermination codeSpace="urn:bro:bhrgt:BoundaryPositioningMethod">afgeleid</bhrgtcom:lowerBoundaryDetermination><bhrgtcom:anthropogenic>nee</bhrgtcom:anthropogenic><bhrgtcom:soil><bhrgtcom:geotechnicalSoilName codeSpace="urn:bro:bhrgt:GeotechnicalSoilName">zwakZandigeKlei</bhrgtcom:geotechnicalSoilName><bhrgtcom:tertiaryConstituent codeSpace="urn:bro:bhrgt:TertiaryConstituent">geen</bhrgtcom:tertiaryConstituent><bhrgtcom:colour codeSpace="urn:bro:bhrgt:Colour">standaardGrijs</bhrgtcom:colour><bhrgtcom:dispersedInhomogeneity codeSpace="urn:bro:bhrgt:DispersedInhomogeneity">geen</bhrgtcom:dispersedInhomogeneity><bhrgtcom:organicMatterContentClass codeSpace="urn:bro:bhrgt:OrganicMatterContentClass">nietOrganisch</bhrgtcom:organicMatterContentClass></bhrgtcom:soil></bhrgtcom:layer><bhrgtcom:layer><bhrgtcom:upperBoundary uom="m">1.20</bhrgtcom:upperBoundary><bhrgtcom:upperBoundaryDetermination codeSpace="urn:bro:bhrgt:BoundaryPositioningMethod">afgeleid</bhrgtcom:upperBoundaryDetermination><bhrgtcom:lowerBoundary uom="m">1.40</bhrgtcom:lowerBoundary><bhrgtcom:lowerBoundaryDetermination codeSpace="urn:bro:bhrgt:BoundaryPositioningMethod">afgeleid</bhrgtcom:lowerBoundaryDetermination><bhrgtcom:anthropogenic>nee</bhrgtcom:anthropogenic><bhrgtcom:soil><bhrgtcom:geotechnicalSoilName codeSpace="urn:bro:bhrgt:GeotechnicalSoilName">sterkZandigeKlei</bhrgtcom:geotechnicalSoilName><bhrgtcom:tertiaryConstituent codeSpace="urn:bro:bhrgt:TertiaryConstituent">schelpmateriaalWeinig</bhrgtcom:tertiaryConstituent><bhrgtcom:colour codeSpace="urn:bro:bhrgt:Colour">standaardGrijs</bhrgtcom:colour><bhrgtcom:dispersedInhomogeneity codeSpace="urn:bro:bhrgt:DispersedInhomogeneity">geen</bhrgtcom:dispersedInhomogeneity><bhrgtcom:organicMatterContentClass codeSpace="urn:bro:bhrgt:OrganicMatterContentClass">nietOrganisch</bhrgtcom:organicMatterContentClass></bhrgtcom:soil></bhrgtcom:layer><bhrgtcom:layer><bhrgtcom:upperBoundary uom="m">1.40</bhrgtcom:upperBoundary><bhrgtcom:upperBoundaryDetermination codeSpace="urn:bro:bhrgt:BoundaryPositioningMethod">afgeleid</bhrgtcom:upperBoundaryDetermination><bhrgtcom:lowerBoundary uom="m">1.70</bhrgtcom:lowerBoundary><bhrgtcom:lowerBoundaryDetermination codeSpace="urn:bro:bhrgt:BoundaryPositioningMethod">afgeleid</bhrgtcom:lowerBoundaryDetermination><bhrgtcom:anthropogenic>nee</bhrgtcom:anthropogenic><bhrgtcom:soil><bhrgtcom:geotechnicalSoilName codeSpace="urn:bro:bhrgt:GeotechnicalSoilName">zwakZandigeKlei</bhrgtcom:geotechnicalSoilName><bhrgtcom:tertiaryConstituent codeSpace="urn:bro:bhrgt:TertiaryConstituent">geen</bhrgtcom:tertiaryConstituent><bhrgtcom:colour codeSpace="urn:bro:bhrgt:Colour">standaardGrijs</bhrgtcom:colour><bhrgtcom:dispersedInhomogeneity codeSpace="urn:bro:bhrgt:DispersedInhomogeneity">geen</bhrgtcom:dispersedInhomogeneity><bhrgtcom:organicMatterContentClass codeSpace="urn:bro:bhrgt:OrganicMatterContentClass">zwakOrganisch</bhrgtcom:organicMatterContentClass></bhrgtcom:soil></bhrgtcom:layer><bhrgtcom:layer><bhrgtcom:upperBoundary uom="m">1.70</bhrgtcom:upperBoundary><bhrgtcom:upperBoundaryDetermination codeSpace="urn:bro:bhrgt:BoundaryPositioningMethod">afgeleid</bhrgtcom:upperBoundaryDetermination><bhrgtcom:lowerBoundary uom="m">2.70</bhrgtcom:lowerBoundary><bhrgtcom:lowerBoundaryDetermination codeSpace="urn:bro:bhrgt:BoundaryPositioningMethod">afgeleid</bhrgtcom:lowerBoundaryDetermination><bhrgtcom:anthropogenic>nee</bhrgtcom:anthropogenic><bhrgtcom:soil><bhrgtcom:geotechnicalSoilName codeSpace="urn:bro:bhrgt:GeotechnicalSoilName">zwakZandigeKlei</bhrgtcom:geotechnicalSoilName><bhrgtcom:tertiaryConstituent codeSpace="urn:bro:bhrgt:TertiaryConstituent">geen</bhrgtcom:tertiaryConstituent><bhrgtcom:colour codeSpace="urn:bro:bhrgt:Colour">standaardGrijs</bhrgtcom:colour><bhrgtcom:dispersedInhomogeneity codeSpace="urn:bro:bhrgt:DispersedInhomogeneity">geen</bhrgtcom:dispersedInhomogeneity><bhrgtcom:organicMatterContentClass codeSpace="urn:bro:bhrgt:OrganicMatterContentClass">nietOrganisch</bhrgtcom:organicMatterContentClass></bhrgtcom:soil></bhrgtcom:layer><bhrgtcom:layer><bhrgtcom:upperBoundary uom="m">2.70</bhrgtcom:upperBoundary><bhrgtcom:upperBoundaryDetermination codeSpace="urn:bro:bhrgt:BoundaryPositioningMethod">afgeleid</bhrgtcom:upperBoundaryDetermination><bhrgtcom:lowerBoundary uom="m">2.80</bhrgtcom:lowerBoundary><bhrgtcom:lowerBoundaryDetermination codeSpace="urn:bro:bhrgt:BoundaryPositioningMethod">afgeleid</bhrgtcom:lowerBoundaryDetermination><bhrgtcom:anthropogenic>nee</bhrgtcom:anthropogenic><bhrgtcom:soil><bhrgtcom:geotechnicalSoilName codeSpace="urn:bro:bhrgt:GeotechnicalSoilName">zwakZandigeKlei</bhrgtcom:geotechnicalSoilName><bhrgtcom:tertiaryConstituent codeSpace="urn:bro:bhrgt:TertiaryConstituent">geen</bhrgtcom:tertiaryConstituent><bhrgtcom:colour codeSpace="urn:bro:bhrgt:Colour">standaardGrijs</bhrgtcom:colour><bhrgtcom:dispersedInhomogeneity codeSpace="urn:bro:bhrgt:DispersedInhomogeneity">geen</bhrgtcom:dispersedInhomogeneity><bhrgtcom:organicMatterContentClass codeSpace="urn:bro:bhrgt:OrganicMatterContentClass">nietOrganisch</bhrgtcom:organicMatterContentClass></bhrgtcom:soil></bhrgtcom:layer><bhrgtcom:layer><bhrgtcom:upperBoundary uom="m">2.80</bhrgtcom:upperBoundary><bhrgtcom:upperBoundaryDetermination codeSpace="urn:bro:bhrgt:BoundaryPositioningMethod">afgeleid</bhrgtcom:upperBoundaryDetermination><bhrgtcom:lowerBoundary uom="m">3.00</bhrgtcom:lowerBoundary><bhrgtcom:lowerBoundaryDetermination codeSpace="urn:bro:bhrgt:BoundaryPositioningMethod">afgeleid</bhrgtcom:lowerBoundaryDetermination><bhrgtcom:anthropogenic>nee</bhrgtcom:anthropogenic><bhrgtcom:soil><bhrgtcom:geotechnicalSoilName codeSpace="urn:bro:bhrgt:GeotechnicalSoilName">zwakZandigeKlei</bhrgtcom:geotechnicalSoilName><bhrgtcom:tertiaryConstituent codeSpace="urn:bro:bhrgt:TertiaryConstituent">geen</bhrgtcom:tertiaryConstituent><bhrgtcom:colour codeSpace="urn:bro:bhrgt:Colour">standaardGrijs</bhrgtcom:colour><bhrgtcom:dispersedInhomogeneity codeSpace="urn:bro:bhrgt:DispersedInhomogeneity">geen</bhrgtcom:dispersedInhomogeneity><bhrgtcom:organicMatterContentClass codeSpace="urn:bro:bhrgt:OrganicMatterContentClass">nietOrganisch</bhrgtcom:organicMatterContentClass></bhrgtcom:soil></bhrgtcom:layer></bhrgtcom:descriptiveBoreholeLog></boreholeSampleDescription></BHR_GT_O></dispatchDocument></dispatchDataResponse>